Column,Mean,Median,Mode
Pregnancies,3.93,3.0,1.0
Glucose,126.09569583941368,121.0,99.0
BloodPressure,72.97487642806445,73.57963304609993,70.0
SkinThickness,29.98234364381977,30.408277293118932,33.0
Insulin,164.30603059713889,134.8511464608823,207.0
BMI,33.12494642402582,32.9,32.0
DiabetesPedigreeFunction,0.48656225069193576,0.4025,0.238
Age,33.885,31.0,22.0
Outcome,0.5,0.5,0.0
